"","PCE","mean","SD"
"1","Q24.w.attn.check_1",5.4986301369863,1.37005786661749
"2","Q24.w.attn.check_2",5.17808219178082,1.42526714050292
"3","Q24.w.attn.check_3",4.83013698630137,1.59796272525147
"4","Q24.w.attn.check_4",4.61095890410959,1.6827797551523
"5","Q24.w.attn.check_5",6.69041095890411,0.963647543913518
"6","Q24.w.attn.check_6",3.88493150684931,1.8525058194861
