"variable","count_coef"
"(Intercept)",3.9490602356841
"rural",0.329896966037201
"income_adj",-0.000822781832978452
"region_Delta",0.725756925289574
