"variable","count_coef"
"(Intercept)",2.34331707654896
"rural",0.0652484448244234
"income_adj",-0.000443019602311988
"region_Delta",0.0336273319278387
