"variable","count_coef"
"(Intercept)",4.14575906280115
"rural",0.79630910446434
"income_adj",-0.000854972757063563
"region_Delta",-0.106009795674027
