"variable","zero_coef"
"(Intercept)",0.482166008638077
"Appalachia",0.0660945781803355
"Delta",0.0538656503652982
"GL_Midwest",0.198561996998301
"Heartland",-0.0410188271156381
"NorthCentral",0.138426611496391
"Northwest",0.124131185357873
"RioGrande",-0.23605031412502
"Southeast",0.261830256721706
"Southwest",0.271753803495673
"rural",0.0801733101519415
